prompt,output,flag,username,timestamp
"how many language can you speak
",,,,2024-09-21 09:10:10.250025
which format do you want,"I don't have the capability to directly analyze or learn from datasets, but I can certainly help guide you through the process of understanding and analyzing your dataset about plants. Here’s how we can proceed:

1. **Understand the Data Structure**:
   - **Identify Variables**: Understand what each column in your dataset represents. Common data types in a plant dataset might include species names, locations, measurements (such as height, leaf size, etc.), environmental conditions, and dates of observation.
   - **Data Types**: Check whether the data in each column is numerical, categorical, or textual. This will inform the methods used for analysis.

2. **Data Cleaning**:
   - **Missing Values**: Determine how to handle missing data. Options include deleting the data points, filling them in with a calculated value (like the mean or median), or using a method like interpolation.
   - **Outliers**: Identify any outliers in numerical data. Decide whether to keep these, as they might be errors or actual rare observations valuable to certain studies.
   - **Error Checking**: Correct any inaccuracies or inconsistencies in the data. For instance, species names might be misspelled or classified incorrectly.

3. **Data Analysis**:
   - **Descriptive Statistics**: Calculate basic statistics (mean, median, mode, standard deviation) to get a sense of the data’s distribution.
   - **Data Visualization**: Create charts and graphs (like scatter plots, histograms, or bar charts) to visualize relationships and distributions in the data.
   - **Correlation Analysis**: Determine if there are any strong correlations between variables. For instance, larger leaf size might correlate with greater access to sunlight.

4. **Advanced Analysis (if needed)**:
   - **Predictive Modeling**: Depending on your goal, you might develop models to predict future observations. Machine learning techniques could be employed for tasks like predicting plant growth under various conditions.
   - **Cluster Analysis**: Useful for grouping similar plants based on multiple features, which could be helpful in categorizing unidentified species or predicting characteristics.
   
5. **Interpret Results**:
   - Draw conclusions based on your analysis. How do your findings contribute to existing knowledge? Are there practical applications or implications?
   - **Report Writing**: Document your methods, findings, and conclusions. This could be shared with a community or stored for future reference.

6. **Software and Tools Recommendation**:
   - Depending on the scale and type of your dataset, different tools might be suitable. Excel or Google Sheets might suffice for small datasets, while Python (using libraries like pandas and matplotlib) or R would be better for larger datasets or more sophisticated analyses.

If you have specific questions about your dataset or need instructions on performing any of these steps using a specific software, feel free to ask!",,,2024-09-21 09:17:12.448237
